Merchant Name,Description,Email,Status,Type
Marica,Porro distinctio aliquid iusto.,erin_quitzon@will-johnston.info,active,
Breana,Aspernatur in sapiente tempora.,jefferey@mitchell.name,active,
Christia,Laudantium quasi sint et.,claud_kautzer@wuckert-gaylord.co,active,Merchant
Ute,Officia in consectetur provident.,sammie@hirthe.com,active,
Mitsue,Qui qui iste maxime.,carman.dietrich@von.io,active,Merchant
Latisha,Suscipit consequatur numquam quae.,jorge_frami@renner-runte.name,active,Merchant
Willow,Unde placeat vel in.,alayna@jenkins-pagac.org,active,Merchant
Jerold,Doloremque repellat dolore illo.,daniel.batz@huel.name,active,
Russ,Aliquam delectus sed excepturi.,joeann_ritchie@mann.net,active,Merchant
Trinidad,Distinctio sed quas libero.,phil@kohler.info,active,Merchant
Lala,Sed exercitationem delectus sint.,catheryn.padberg@oconnell.info,active,
Suzanne,Animi harum vel fugit.,arthur@barton-koepp.com,active,
Portia,Aut unde illum eligendi.,britni@hauck-kerluke.info,active,
Haywood,Eligendi quae quas totam.,augustus@bartell.org,active,
Carrol,Ratione mollitia corporis quasi.,korey@rau.net,active,Merchant
Major,Totam porro delectus itaque.,clemente@gaylord-prosacco.io,active,Merchant
Sabina,Natus porro maxime et.,doretha.veum@klein.io,active,Merchant
Danilo,Suscipit quos recusandae soluta.,everette.graham@reichert.co,active,Merchant
Bart,Quisquam voluptas omnis laborum.,lakia_johns@kunze.co,active,
Gussie,Nulla cum enim molestiae.,randal_huel@gerlach-thompson.net,active,Merchant
Marissa,Reprehenderit voluptatem laudantium minima.,fredric@kerluke-gottlieb.org,active,Merchant
Malcolm,Expedita accusamus quas aspernatur.,chun@reichert-runte.co,active,Merchant
Fredda,Enim et cupiditate dolor.,scotty@nikolaus.io,active,
Porfirio,Possimus ut sit nulla.,jean_batz@kris.io,active,Merchant
Shawnda,Maiores molestiae debitis aperiam.,tracey@gleason.info,active,Merchant
Lacresha,Unde non et error.,inge@nienow.biz,active,Merchant
Harris,Temporibus ut odit distinctio.,tommy@lang.com,active,Merchant
Ying,Alias odio doloribus necessitatibus.,geralyn.bartell@waelchi-bahringer.name,active,
Jaimie,Et ea et omnis.,orville.kuhlman@kassulke.com,active,Merchant
Cornelius,Tempore atque dolorem sit.,becky_nitzsche@rau.biz,active,
Lynette,Sint laudantium corporis tempora.,terrence@ondricka.org,active,
Carol,Et omnis sint at.,conrad@conn.org,active,
Columbus,Aliquid illo rerum est.,lula_stroman@west.io,active,
Noriko,Corporis est numquam qui.,pat_dubuque@pouros.biz,active,
Lizeth,Omnis reiciendis magni ea.,matthew.feest@borer-koelpin.com,active,Merchant
Jaquelyn,Magni quia aut qui.,boyce.wiza@corwin-bauch.net,active,Merchant
Josue,Ut vel quia qui.,illa.spinka@wunsch.io,active,
Yolando,Officiis ut necessitatibus commodi.,dwight.braun@prohaska-kautzer.org,active,Merchant
Dwight,Natus sit rerum reiciendis.,rebeca.armstrong@gleichner-cole.org,active,Merchant
Mei,Hic deserunt accusantium pariatur.,winnifred@douglas.net,active,
Eldridge,Mollitia id quis illo.,ranae_renner@effertz.net,active,Merchant
Lee,Voluptas sunt tenetur dicta.,buford@grant.com,active,Merchant
Toby,Atque similique nihil sint.,arthur@blick.net,active,Merchant
Lashaunda,Ullam sunt voluptatem quasi.,kathlyn@schaden-dubuque.com,active,Merchant
Nelle,Ullam placeat quos modi.,dante@weber-stehr.name,active,
Samara,Inventore magni animi aut.,royce_osinski@paucek.com,active,Merchant
Nedra,Rerum molestias omnis eos.,armando@borer.org,active,
Son,Aut molestias laudantium eum.,reinaldo_yost@donnelly.io,active,
Scarlett,Molestiae molestias quos consequatur.,joshua@mayer.net,active,
Alisia,Velit provident nobis quis.,esteban@hyatt.info,active,
Hollis,Debitis quisquam qui necessitatibus.,stefan.abbott@marquardt.net,active,
Sunny,Laudantium consequatur sed occaecati.,merle@abernathy-hayes.org,active,Merchant
Glynda,Ipsum accusamus quidem nostrum.,ramiro.wisozk@nikolaus.info,active,
Olinda,Incidunt cum officiis eligendi.,brock@goyette.co,active,Merchant
Chieko,Velit ea dolores omnis.,lucretia.koepp@lesch.biz,active,
Jimmie,Adipisci neque soluta ratione.,elvina@harber-parker.name,active,
Jenette,Assumenda illo ullam facilis.,rayna@botsford-swaniawski.net,active,Merchant
Danial,Laboriosam harum veritatis quasi.,elva_schmeler@howell.io,active,Merchant
Deanne,Recusandae quo sed et.,shane@wehner.org,active,Merchant
Brigid,Non nisi et dicta.,donny_homenick@goldner-stamm.co,active,Merchant
Troy,Rerum enim similique fugiat.,zane@feeney-schimmel.info,active,
Jeff,Ad veritatis rerum dolor.,angel.dicki@gaylord-adams.co,active,
Ron,Vitae asperiores molestiae aut.,maxie@stracke.name,active,Merchant
Mervin,Repellendus pariatur fugit a.,tiffaney.wolff@shanahan.io,active,Merchant
Daphine,Autem pariatur est voluptates.,myesha@schmeler.biz,active,
Alejandro,Laborum accusantium inventore sint.,seth@douglas.com,active,
Layne,Et hic non nulla.,aleen@collier-becker.info,active,
Velda,Non possimus nihil impedit.,fritz_schmidt@zemlak-bahringer.co,active,
Eliseo,Omnis qui praesentium omnis.,emelia@jacobi-mills.info,active,
Royal,Molestias aut ullam sit.,ardelia.jenkins@becker.info,active,
Vance,Aut quisquam vel ut.,elnora_rutherford@botsford.biz,active,Merchant
Isis,Delectus dolorem esse odit.,winfred.haag@rempel.com,active,
Frederick,Est iusto fugiat quo.,pei@damore.info,active,Merchant
Sandee,Facilis dicta quibusdam enim.,carolyn@schuppe.com,active,Merchant
Robin,Aliquid ut voluptates libero.,cletus_emard@murazik.biz,active,
Felipe,Officiis perspiciatis qui modi.,earlean@williamson-miller.org,active,
Renae,Quia tempore labore eos.,abram@buckridge-west.org,active,
Denny,Repellendus necessitatibus voluptate cumque.,sheryl_little@boyle.io,active,Merchant
Val,Sunt adipisci itaque maxime.,earnest@treutel-bins.name,active,
Mamie,Voluptas nihil officia quo.,hilario@lesch-harris.com,active,
Augustine,Veniam ut eligendi debitis.,rayna@daugherty-zulauf.name,active,Merchant
Lizzette,Et quia numquam eos.,andre.kling@watsica.name,active,
Cathy,Iure occaecati et suscipit.,jule@crist-kihn.info,active,Merchant
Charlie,Repudiandae animi molestiae et.,casey@batz.com,active,Merchant
Barbra,Ab id neque labore.,justin.marquardt@roberts.co,active,
Edythe,Aliquid omnis blanditiis delectus.,tianna@hoppe.com,active,
Elda,Nostrum velit assumenda architecto.,reanna_padberg@schmitt.co,active,Merchant
Pete,Nostrum ut fuga iusto.,matthew@wilderman.com,active,
Timothy,Hic debitis cumque inventore.,yuriko.krajcik@paucek.info,active,
Armando,Dolores laborum blanditiis nihil.,honey@waelchi.info,active,
Jeremy,Dolorem et non tempora.,dalia_treutel@casper-wilderman.io,active,
Olen,Neque beatae sit reiciendis.,nathaniel_schroeder@olson.net,active,
Les,Porro ut eligendi velit.,dottie_corwin@daniel-turner.com,active,
Lekisha,Et occaecati nobis voluptas.,effie.price@legros.io,active,
Taneka,Dolorem labore consequatur sed.,freeda_fahey@greenholt-haley.org,active,
Donella,Consequuntur reiciendis officia est.,andera_heidenreich@brown-vonrueden.org,active,
Vannessa,Aspernatur eum nesciunt autem.,alexis@howell.info,active,
Myron,Laborum id numquam expedita.,johnie@mills.name,active,
Dave,Non odit molestiae facere.,tosha@ohara-goyette.info,active,Merchant
